symbol,shortName,exchange,sector,industry,eodprice,regularMarketPrice,pct_1w,pct_1m,rel_volume,revenueGrowth,earningsQuarterlyGrowth,pegRatio,trailingPE,score_raw,score_norm,rank,pct_1w_n,pct_1m_n,rel_volume_n,revenueGrowth_n,earningsQuarterlyGrowth_n,rec_n,insider_n,valuation_n,kept,dropped_due_to
SRAD,Sportradar Group AG,NMS,Technology,Software - Application,13.9,15.225,11.038,16.4877,1.3063,0.113,,,60.74,0.572962,1.0,1,1.0,0.559708,0.2442,0.11034,0.5,0.5,0.5,0.744782,True,
IONQ,"IonQ, Inc.",NYQ,Technology,Computer Hardware,56.78,63.42,-11.4006,28.4728,0.827,7.547,,,162.2818,0.545262,0.907186,2,0.502647,0.670104,0.145528,1.0,0.5,0.5,0.5,0.735759,True,
VSH,"Vishay Intertechnology, Inc.",NYQ,Technology,Semiconductors,57.2,56.415,-9.9296,64.2878,1.8458,0.173,,1.35,5628.5,0.531384,0.860688,3,0.535251,1.0,0.355265,0.11752,0.5,0.5,0.5,0.470727,True,
RAMP,"LiveRamp Holdings, Inc.",NYQ,Technology,Software - Infrastructure,37.42,37.5,-0.2262,23.42,0.9522,0.092,,0.59,16.8139,0.51055,0.79088,4,0.750328,0.623562,0.171302,0.107827,0.5,0.5,0.5,0.986099,True,
PENG,"Penguin Solutions, Inc.",NMS,Technology,Information Technology Services,59.86,63.74,-9.9858,43.7825,1.3881,-0.062,3.634,0.25,90.85,0.505103,0.772625,5,0.534006,0.811123,0.26104,0.089397,0.600857,0.5,0.5,0.986984,True,
FRSH,Freshworks Inc.,NMS,Technology,Software - Application,9.45,9.475,,,,,,,,0.5,0.755528,6,0.5,0.5,0.5,0.5,0.5,0.5,0.5,0.5,True,
FROG,JFrog Ltd.,NMS,Technology,Software - Application,84.0,85.25,,,,,,,,0.5,0.755528,7,0.5,0.5,0.5,0.5,0.5,0.5,0.5,0.5,True,
FOUR,"Shift4 Payments, Inc.",NYQ,Technology,Software - Infrastructure,38.08,37.345,,,,,,,,0.5,0.755528,8,0.5,0.5,0.5,0.5,0.5,0.5,0.5,0.5,True,
FLYW,Flywire Corporation - Voting,NMS,Technology,Software - Infrastructure,14.4,14.0,,,,,,,,0.5,0.755528,9,0.5,0.5,0.5,0.5,0.5,0.5,0.5,0.5,True,
FISV,"Fiserv, Inc.",NMS,,,54.43,52.655,,,,,,,,0.5,0.755528,10,0.5,0.5,0.5,0.5,0.5,0.5,0.5,0.5,True,
FIS,Fidelity National Information S,NYQ,Technology,Information Technology Services,40.95,39.675,,,,,,,,0.5,0.755528,11,0.5,0.5,0.5,0.5,0.5,0.5,0.5,0.5,True,
FIG,"Figma, Inc.",NYQ,Technology,Software - Application,21.75,21.11,,,,,,,,0.5,0.755528,12,0.5,0.5,0.5,0.5,0.5,0.5,0.5,0.5,True,
EXTR,"Extreme Networks, Inc.",NMS,Technology,Communication Equipment,28.02,29.65,,,,,,,,0.5,0.755528,13,0.5,0.5,0.5,0.5,0.5,0.5,0.5,0.5,True,
EXLS,"ExlService Holdings, Inc.",NMS,Technology,Information Technology Services,29.67,29.51,,,,,,,,0.5,0.755528,14,0.5,0.5,0.5,0.5,0.5,0.5,0.5,0.5,True,
EVTC,"Evertec, Inc.",NYQ,Technology,Software - Infrastructure,22.34,22.77,,,,,,,,0.5,0.755528,15,0.5,0.5,0.5,0.5,0.5,0.5,0.5,0.5,True,
EVCM,EverCommerce Inc.,NMS,Technology,Software - Application,9.2,9.01,,,,,,,,0.5,0.755528,16,0.5,0.5,0.5,0.5,0.5,0.5,0.5,0.5,True,
ESTC,Elastic N.V.,NYQ,Technology,Software - Application,61.79,61.53,,,,,,,,0.5,0.755528,17,0.5,0.5,0.5,0.5,0.5,0.5,0.5,0.5,True,
ERIC,Ericsson,NMS,Technology,Communication Equipment,12.56,12.53,,,,,,,,0.5,0.755528,18,0.5,0.5,0.5,0.5,0.5,0.5,0.5,0.5,True,
EPAM,"EPAM Systems, Inc.",NYQ,Technology,Information Technology Services,98.04,97.315,,,,,,,,0.5,0.755528,19,0.5,0.5,0.5,0.5,0.5,0.5,0.5,0.5,True,
EFOR,"Everforth, Inc.",NYQ,Technology,Information Technology Services,20.13,20.245,,,,,,,,0.5,0.755528,20,0.5,0.5,0.5,0.5,0.5,0.5,0.5,0.5,True,
EEFT,"Euronet Worldwide, Inc.",NMS,Technology,Software - Infrastructure,66.74,66.59,,,,,,,,0.5,0.755528,21,0.5,0.5,0.5,0.5,0.5,0.5,0.5,0.5,True,
DXC,DXC Technology Company,NYQ,Technology,Information Technology Services,9.01,8.7441,,,,,,,,0.5,0.755528,22,0.5,0.5,0.5,0.5,0.5,0.5,0.5,0.5,True,
DT,"Dynatrace, Inc.",NYQ,Technology,Software - Application,42.19,41.82,,,,,,,,0.5,0.755528,23,0.5,0.5,0.5,0.5,0.5,0.5,0.5,0.5,True,
DSP,Viant Technology Inc.,NMS,Technology,Software - Application,12.11,12.08,,,,,,,,0.5,0.755528,24,0.5,0.5,0.5,0.5,0.5,0.5,0.5,0.5,True,
DSGX,The Descartes Systems Group Inc,NMS,Technology,Software - Application,75.46,75.47,,,,,,,,0.5,0.755528,25,0.5,0.5,0.5,0.5,0.5,0.5,0.5,0.5,True,
DQ,DAQO New Energy Corp.,NYQ,Technology,Semiconductor Equipment & Materials,16.32,15.22,,,,,,,,0.5,0.755528,26,0.5,0.5,0.5,0.5,0.5,0.5,0.5,0.5,True,
DOX,Amdocs Limited,NMS,Technology,Software - Infrastructure,60.09,58.46,,,,,,,,0.5,0.755528,27,0.5,0.5,0.5,0.5,0.5,0.5,0.5,0.5,True,
DOCU,"DocuSign, Inc.",NMS,Technology,Software - Application,47.26,46.13,,,,,,,,0.5,0.755528,28,0.5,0.5,0.5,0.5,0.5,0.5,0.5,0.5,True,
DLO,DLocal Limited,NMS,Technology,Software - Infrastructure,11.24,11.545,,,,,,,,0.5,0.755528,29,0.5,0.5,0.5,0.5,0.5,0.5,0.5,0.5,True,
DGII,Digi International Inc.,NMS,Technology,Communication Equipment,65.95,67.475,,,,,,,,0.5,0.755528,30,0.5,0.5,0.5,0.5,0.5,0.5,0.5,0.5,True,
DFIN,"Donnelley Financial Solutions, ",NYQ,Technology,Software - Application,36.74,37.19,,,,,,,,0.5,0.755528,31,0.5,0.5,0.5,0.5,0.5,0.5,0.5,0.5,True,
DCBO,Docebo Inc.,NMS,Technology,Software - Application,17.21,17.68,,,,,,,,0.5,0.755528,32,0.5,0.5,0.5,0.5,0.5,0.5,0.5,0.5,True,
DBX,"Dropbox, Inc.",NMS,Technology,Software - Infrastructure,27.52,27.075,,,,,,,,0.5,0.755528,33,0.5,0.5,0.5,0.5,0.5,0.5,0.5,0.5,True,
DBD,Diebold Nixdorf Incorporated,NYQ,Technology,Software - Application,81.14,82.87,,,,,,,,0.5,0.755528,34,0.5,0.5,0.5,0.5,0.5,0.5,0.5,0.5,True,
DAKT,"Daktronics, Inc.",NMS,Technology,Electronic Components,19.12,19.605,,,,,,,,0.5,0.755528,35,0.5,0.5,0.5,0.5,0.5,0.5,0.5,0.5,True,
CXM,"Sprinklr, Inc.",NYQ,Technology,Software - Application,5.38,5.37,,,,,,,,0.5,0.755528,36,0.5,0.5,0.5,0.5,0.5,0.5,0.5,0.5,True,
CWAN,"Clearwater Analytics Holdings, ",NYQ,Technology,Software - Application,24.37,24.355,,,,,,,,0.5,0.755528,37,0.5,0.5,0.5,0.5,0.5,0.5,0.5,0.5,True,
CTSH,Cognizant Technology Solutions ,NMS,Technology,Information Technology Services,53.21,53.23,,,,,,,,0.5,0.755528,38,0.5,0.5,0.5,0.5,0.5,0.5,0.5,0.5,True,
CTS,CTS Corporation,NYQ,Technology,Electronic Components,62.85,64.8801,,,,,,,,0.5,0.755528,39,0.5,0.5,0.5,0.5,0.5,0.5,0.5,0.5,True,
CSIQ,Canadian Solar Inc.,NMS,Technology,Solar,17.16,17.165,,,,,,,,0.5,0.755528,40,0.5,0.5,0.5,0.5,0.5,0.5,0.5,0.5,True,
CRSR,"Corsair Gaming, Inc.",NMS,Technology,Computer Hardware,9.01,8.78,,,,,,,,0.5,0.755528,41,0.5,0.5,0.5,0.5,0.5,0.5,0.5,0.5,True,
CRNC,Cerence Inc.,NMS,Technology,Software - Application,10.61,11.175,,,,,,,,0.5,0.755528,42,0.5,0.5,0.5,0.5,0.5,0.5,0.5,0.5,True,
ZYME,Zymeworks Inc.,NMS,Healthcare,Biotechnology,24.04,23.95,,,,,,,,0.5,0.755528,43,0.5,0.5,0.5,0.5,0.5,0.5,0.5,0.5,True,
ZVRA,"Zevra Therapeutics, Inc.",NMS,Healthcare,Biotechnology,10.61,12.14,,,,,,,,0.5,0.755528,44,0.5,0.5,0.5,0.5,0.5,0.5,0.5,0.5,True,
ZTS,Zoetis Inc.,NYQ,Healthcare,Drug Manufacturers - Specialty & Generic,79.44,78.67,,,,,,,,0.5,0.755528,45,0.5,0.5,0.5,0.5,0.5,0.5,0.5,0.5,True,
ZBIO,"Zenas BioPharma, Inc.",NMS,Healthcare,Biotechnology,17.47,17.405,,,,,,,,0.5,0.755528,46,0.5,0.5,0.5,0.5,0.5,0.5,0.5,0.5,True,
ZBH,"Zimmer Biomet Holdings, Inc.",NYQ,Healthcare,Medical Devices,87.33,87.635,,,,,,,,0.5,0.755528,47,0.5,0.5,0.5,0.5,0.5,0.5,0.5,0.5,True,
XRAY,DENTSPLY SIRONA Inc.,NMS,Healthcare,Medical Instruments & Supplies,10.0,10.25,,,,,,,,0.5,0.755528,48,0.5,0.5,0.5,0.5,0.5,0.5,0.5,0.5,True,
XERS,"Xeris Biopharma Holdings, Inc.",NMS,Healthcare,Drug Manufacturers - Specialty & Generic,6.18,6.225,,,,,,,,0.5,0.755528,49,0.5,0.5,0.5,0.5,0.5,0.5,0.5,0.5,True,
WRBY,Warby Parker Inc.,NYQ,Healthcare,Medical Instruments & Supplies,22.72,23.53,,,,,,,,0.5,0.755528,50,0.5,0.5,0.5,0.5,0.5,0.5,0.5,0.5,True,
WGS,GeneDx Holdings Corp.,NMS,Healthcare,Diagnostics & Research,52.21,52.315,,,,,,,,0.5,0.755528,51,0.5,0.5,0.5,0.5,0.5,0.5,0.5,0.5,True,
WEAV,"Weave Communications, Inc.",NYQ,Healthcare,Health Information Services,5.69,5.715,,,,,,,,0.5,0.755528,52,0.5,0.5,0.5,0.5,0.5,0.5,0.5,0.5,True,
WAY,Waystar Holding Corp.,NMS,Healthcare,Health Information Services,20.0,19.265,,,,,,,,0.5,0.755528,53,0.5,0.5,0.5,0.5,0.5,0.5,0.5,0.5,True,
VTRS,Viatris Inc.,NMS,Healthcare,Drug Manufacturers - Specialty & Generic,15.88,15.845,,,,,,,,0.5,0.755528,54,0.5,0.5,0.5,0.5,0.5,0.5,0.5,0.5,True,
VREX,Varex Imaging Corporation,NMS,Healthcare,Medical Devices,10.09,10.35,,,,,,,,0.5,0.755528,55,0.5,0.5,0.5,0.5,0.5,0.5,0.5,0.5,True,
VOR,Vor Biopharma Inc.,NMS,Healthcare,Biotechnology,13.16,13.325,,,,,,,,0.5,0.755528,56,0.5,0.5,0.5,0.5,0.5,0.5,0.5,0.5,True,
VIR,"Vir Biotechnology, Inc.",NMS,Healthcare,Biotechnology,8.65,8.405,,,,,,,,0.5,0.755528,57,0.5,0.5,0.5,0.5,0.5,0.5,0.5,0.5,True,
USPH,"U.S. Physical Therapy, Inc.",NYQ,Healthcare,Medical Care Facilities,63.45,61.64,,,,,,,,0.5,0.755528,58,0.5,0.5,0.5,0.5,0.5,0.5,0.5,0.5,True,
UPB,"Upstream Bio, Inc.",NMS,Healthcare,Biotechnology,7.05,6.48,,,,,,,,0.5,0.755528,59,0.5,0.5,0.5,0.5,0.5,0.5,0.5,0.5,True,
TYRA,"Tyra Biosciences, Inc.",NMS,Healthcare,Biotechnology,26.64,26.255,,,,,,,,0.5,0.755528,60,0.5,0.5,0.5,0.5,0.5,0.5,0.5,0.5,True,
TXG,"10x Genomics, Inc.",NMS,Healthcare,Health Information Services,31.04,29.49,,,,,,,,0.5,0.755528,61,0.5,0.5,0.5,0.5,0.5,0.5,0.5,0.5,True,
TWST,Twist Bioscience Corporation,NMS,Healthcare,Diagnostics & Research,69.22,68.46,,,,,,,,0.5,0.755528,62,0.5,0.5,0.5,0.5,0.5,0.5,0.5,0.5,True,
TSHA,"Taysha Gene Therapies, Inc.",NMS,Healthcare,Biotechnology,5.5,5.385,,,,,,,,0.5,0.755528,63,0.5,0.5,0.5,0.5,0.5,0.5,0.5,0.5,True,
TRAX,"First Tracks Biotherapeutics, I",NMS,Healthcare,Biotechnology,16.6,15.595,,,,,,,,0.5,0.755528,64,0.5,0.5,0.5,0.5,0.5,0.5,0.5,0.5,True,
HPE,Hewlett Packard Enterprise Comp,NYQ,Technology,Communication Equipment,49.2,49.74,-11.5227,58.4689,0.7918,0.4,,0.85,46.4439,0.497773,0.748065,65,0.49994,0.946401,0.138281,0.144686,0.5,0.5,0.5,0.977757,True,
PDFS,"PDF Solutions, Inc.",NMS,Technology,Software - Application,51.45,56.015,0.9643,8.4931,1.0607,0.259,,4.19,311.1944,0.495783,0.741398,66,0.776716,0.486069,0.193639,0.127812,0.5,0.5,0.5,0.880898,True,
TTAN,"ServiceTitan, Inc.",NMS,Technology,Software - Application,77.4,73.66,-1.7998,16.8465,1.3353,0.246,,,,0.489344,0.719824,67,0.715449,0.563013,0.25017,0.126257,0.5,0.5,0.5,0.5,True,
OUST,"Ouster, Inc.",NMS,Technology,Electronic Components,39.68,40.53,-12.0356,60.6746,0.8666,0.489,,,,0.487502,0.713651,68,0.488572,0.966718,0.15368,0.155337,0.5,0.5,0.5,0.5,True,
KN,Knowles Corporation,NYQ,Technology,Electronic Components,37.26,38.66,-1.4282,9.5522,0.8609,0.158,,0.43,54.4366,0.478231,0.682588,69,0.723686,0.495824,0.152506,0.115725,0.5,0.5,0.5,0.986268,True,
GTLB,GitLab Inc.,NMS,Technology,Software - Infrastructure,31.12,31.16,-2.1213,19.8807,0.8371,0.231,,,,0.47678,0.677725,70,0.708323,0.590961,0.147607,0.124461,0.5,0.5,0.5,0.5,True,
MTLS,Materialise NV,NMS,Technology,Software - Application,6.56,6.61,-4.0639,22.1812,0.7193,-0.002,,1.26,33.05,0.475652,0.673947,71,0.665265,0.612151,0.123356,0.096577,0.5,0.5,0.5,0.969945,True,
VISN,"Vistance Networks, Inc.",NMS,Technology,Communication Equipment,11.75,11.955,-3.9389,1.9625,0.2714,0.216,6.026,2.94,17.5735,0.473264,0.665945,72,0.668036,0.425915,0.031148,0.122666,0.921243,0.5,0.5,0.934436,True,
TDC,Teradata Corporation,NYQ,Technology,Software - Infrastructure,33.7,33.755,-7.5733,6.8218,0.409,0.062,6.614,6.0,7.722,0.466689,0.643913,73,0.587479,0.470674,0.059475,0.104236,1.0,0.5,0.5,0.868127,True,
LYFT,"Lyft, Inc.",NMS,Technology,Software - Application,13.65,13.855,-1.9135,-3.554,0.456,0.138,4.551,0.15,2.0234,0.463391,0.632863,74,0.712929,0.375101,0.069151,0.113332,0.723681,0.5,0.5,0.997073,True,
VECO,Veeco Instruments Inc.,NMS,Technology,Semiconductor Equipment & Materials,58.45,60.99,-0.0492,2.6254,0.5406,-0.054,,0.81,160.4737,0.461837,0.627655,75,0.754251,0.432021,0.086567,0.090354,0.5,0.5,0.5,0.968502,True,
SAIL,"SailPoint, Inc.",NMS,Technology,Software - Infrastructure,18.24,17.465,-11.996,42.7637,1.0209,0.227,,,,0.459054,0.618329,76,0.489449,0.801739,0.185445,0.123983,0.5,0.5,0.5,0.5,True,
LSPD,Lightspeed Commerce Inc. Subord,NYQ,Technology,Software - Application,9.24,9.545,-1.3946,-3.1947,1.2145,0.147,,,,0.453479,0.59965,77,0.72443,0.378411,0.225301,0.114409,0.5,0.5,0.5,0.5,True,
SMCI,"Super Micro Computer, Inc.",NMS,Technology,Computer Hardware,41.64,43.885,-12.7566,23.7489,0.6312,1.227,3.444,0.91,23.0368,0.44703,0.578042,78,0.472591,0.626592,0.105219,0.243657,0.575409,0.5,0.5,0.97852,True,
NIQ,NIQ Global Intelligence plc,NYQ,,,8.35,8.31,-1.3049,-22.3881,0.5128,,,,,0.446815,0.577322,79,0.726419,0.201618,0.080844,0.5,0.5,0.5,0.5,0.5,True,
STM,STMicroelectronics N.V.,NYQ,Technology,Semiconductors,70.72,75.27,-5.4207,27.0914,0.9677,0.23,-0.339,0.51,470.0,0.442576,0.563117,80,0.635192,0.65738,0.174493,0.124342,0.068711,0.5,0.5,0.947582,True,
GEN,Gen Digital Inc.,NMS,Technology,Software - Infrastructure,26.28,25.805,-6.2296,14.4327,0.4691,0.27,2.606,1.51,16.4427,0.441741,0.56032,81,0.617262,0.540779,0.071848,0.129129,0.463166,0.5,0.5,0.965932,True,
IIIV,"i3 Verticals, Inc.",NMS,Technology,Software - Infrastructure,19.68,19.77,-1.6418,-6.4806,0.6236,0.062,,1.24,179.7273,0.440749,0.556997,82,0.718951,0.348144,0.103654,0.104236,0.5,0.5,0.5,0.95735,True,
NAVN,"Navan, Inc.",NMS,Technology,Software - Application,21.2,21.54,-5.7936,15.3373,0.5035,0.348,,,,0.437834,0.547231,83,0.626926,0.549111,0.078929,0.138463,0.5,0.5,0.5,0.5,True,
RAL,Ralliant Corporation,NYQ,Technology,Electronic Components,60.12,61.02,-1.6454,29.0917,0.3848,0.11,-0.308,,,0.436587,0.54305,84,0.718871,0.675805,0.054493,0.109981,0.072864,0.5,0.5,0.5,True,
SCSC,"ScanSource, Inc.",NMS,Technology,Electronics & Computer Distribution,46.71,48.375,0.6136,5.3922,0.6171,0.088,-0.031,0.71,14.7036,0.43639,0.542391,85,0.768942,0.457506,0.102316,0.107348,0.109965,0.5,0.5,0.983651,True,
QRVO,"Qorvo, Inc.",NMS,Technology,Semiconductors,98.28,100.35,-2.4333,10.7257,0.9198,-0.07,-0.052,0.98,27.6906,0.432908,0.530724,86,0.701407,0.506633,0.164632,0.088439,0.107152,0.5,0.5,0.976569,True,
FTV,Fortive Corporation,NYQ,Technology,Scientific & Technical Instruments,61.28,61.4,2.0279,1.5721,0.4839,0.077,-0.207,0.98,36.1059,0.43197,0.527582,87,0.80029,0.422319,0.074894,0.106032,0.086392,0.5,0.5,0.975821,True,
UPBD,"Upbound Group, Inc.",NMS,Technology,Software - Application,18.27,18.868,1.3863,0.4686,0.4134,0.037,0.444,1.39,13.1028,0.431918,0.527407,88,0.786069,0.412154,0.060381,0.101245,0.173587,0.5,0.5,0.968864,True,
SEDG,"SolarEdge Technologies, Inc.",NMS,Technology,Solar,63.17,64.4,-18.1187,55.6538,0.395,0.415,,4.61,,0.430273,0.521895,89,0.353739,0.920471,0.056593,0.146482,0.5,0.5,0.5,0.649152,True,
P,"Everpure, Inc.",NYQ,Technology,Computer Hardware,72.17,74.0,-10.8701,-5.3736,0.5348,,,1.53,112.0606,0.430051,0.52115,90,0.514405,0.358341,0.085373,0.5,0.5,0.5,0.5,0.956996,True,
PATH,"UiPath, Inc.",NYQ,Technology,Software - Infrastructure,11.24,11.175,-8.2948,3.519,0.9475,0.173,,0.4,18.6083,0.428618,0.516348,91,0.571487,0.440252,0.170335,0.11752,0.5,0.5,0.5,0.990111,True,
UMC,United Microelectronics Corpora,NYQ,Technology,Semiconductors,19.7,20.035,-10.9083,29.7665,0.8745,0.055,1.079,1.47,32.2742,0.42709,0.511229,92,0.513558,0.68202,0.155306,0.103399,0.258639,0.5,0.5,0.965404,True,
IOT,Samsara Inc.,NYQ,Technology,Software - Infrastructure,34.8,33.7,-9.8367,13.265,0.8815,0.305,,,336.85,0.426969,0.510823,93,0.53731,0.530023,0.156747,0.133317,0.5,0.5,0.5,0.720245,True,
VNT,Vontier Corporation,NYQ,Technology,Scientific & Technical Instruments,28.15,28.65,0.934,-4.7685,0.7275,0.013,0.073,0.84,10.1166,0.425184,0.504842,94,0.776044,0.363915,0.125044,0.098372,0.123895,0.5,0.5,0.981205,True,
MCHP,Microchip Technology Incorporat,NMS,Technology,Semiconductors,88.34,91.575,-5.5899,-7.1557,0.8091,0.351,,0.32,416.0909,0.424982,0.504165,95,0.631441,0.341926,0.141843,0.138822,0.5,0.5,0.5,0.956545,True,
TENB,"Tenable Holdings, Inc.",NMS,Technology,Software - Infrastructure,27.85,27.51,-10.9709,26.0192,0.4361,0.096,,0.99,,0.424572,0.502793,96,0.512171,0.647504,0.065054,0.108305,0.5,0.5,0.5,0.728631,True,
PTRN,Pattern Group Inc. - Series A,NMS,Technology,Software - Application,19.55,19.55,-4.401,22.8015,0.4338,0.432,0.281,,,0.423082,0.497801,98,0.657793,0.617865,0.064581,0.148516,0.151755,0.5,0.5,0.5,True,
SSNC,"SS&C Technologies Holdings, Inc",NMS,Technology,Software - Application,69.91,68.26,0.0586,-0.3286,0.5469,0.088,0.062,0.72,21.1988,0.422515,0.495898,99,0.756641,0.404811,0.087864,0.107348,0.122422,0.5,0.5,0.982855,True,
INTA,"Intapp, Inc.",NMS,Technology,Software - Application,24.35,24.13,-3.8676,-2.9388,0.4684,0.131,,0.46,,0.422494,0.495828,100,0.669616,0.380768,0.071704,0.112494,0.5,0.5,0.5,0.740267,True,
SVCO,"Silvaco Group, Inc.",NMS,Technology,Software - Application,11.3,11.37,-6.5735,-1.0444,1.0712,0.26,,,,0.4221,0.49451,101,0.60964,0.398218,0.1958,0.127932,0.5,0.5,0.5,0.5,True,
ST,Sensata Technologies Holding pl,NYQ,Technology,Scientific & Technical Instruments,49.84,50.54,-4.9313,12.7232,0.6765,0.026,0.246,0.3,153.0606,0.418687,0.483074,102,0.646039,0.525033,0.114545,0.099928,0.147067,0.5,0.5,0.980358,True,
VYX,NCR Voyix Corporation,NYQ,Technology,Information Technology Services,6.91,7.065,-2.8198,-15.3892,0.6277,-0.01,,2.68,25.2321,0.417224,0.478171,103,0.692841,0.266086,0.104498,0.09562,0.5,0.5,0.5,0.939463,True,
MEI,"Methode Electronics, Inc.",NYQ,Technology,Electronic Components,11.37,11.39,-8.96,18.1724,0.2454,-0.026,,0.78,,0.41654,0.475879,104,0.556743,0.575226,0.025795,0.093705,0.5,0.5,0.5,0.733241,True,
QTWO,"Q2 Holdings, Inc.",NYQ,Technology,Software - Application,45.71,45.1025,-7.7128,-10.014,0.5774,0.141,4.605,8.35,39.9204,0.415702,0.473071,105,0.584387,0.315598,0.094143,0.113691,0.730913,0.5,0.5,0.81367,True,
ZETA,Zeta Global Holdings Corp.,NYQ,Technology,Software - Infrastructure,22.02,21.695,-14.1584,26.4586,0.5631,0.499,,0.77,,0.415372,0.471968,106,0.44152,0.651551,0.091199,0.156534,0.5,0.5,0.5,0.733461,True,
WOLF,"Wolfspeed, Inc.",NYQ,Technology,Semiconductors,55.06,54.62,-10.8022,16.876,0.9261,-0.19,,,,0.414625,0.469462,107,0.51591,0.563284,0.165929,0.074079,0.5,0.5,0.5,0.5,True,
VRNS,"Varonis Systems, Inc.",NMS,Technology,Software - Infrastructure,32.69,32.88,-8.3891,15.2121,0.2224,0.269,,7.38,,0.414354,0.468554,108,0.569397,0.547958,0.02106,0.129009,0.5,0.5,0.5,0.588335,True,
PD,"PagerDuty, Inc.",NYQ,Technology,Software - Application,9.25,8.955,-11.6864,22.8395,0.4331,0.01,,,4.3261,0.414167,0.467928,109,0.496312,0.618215,0.064436,0.098013,0.5,0.5,0.5,0.749795,True,
NATL,NCR Atleos Corporation,NYQ,Technology,Software - Application,44.15,44.178,-0.3204,-0.2078,0.1201,0.065,0.571,0.3454,19.7223,0.413921,0.467104,110,0.74824,0.405924,0.0,0.104596,0.190597,0.5,0.5,0.99121,True,
G,Genpact Limited,NYQ,Technology,Information Technology Services,32.62,32.6642,-1.1653,0.2918,0.4429,0.067,0.131,1.16,10.0169,0.413098,0.464348,111,0.729513,0.410526,0.066454,0.104835,0.131664,0.5,0.5,0.974188,True,
STNE,StoneCo Ltd.,NMS,Technology,Software - Infrastructure,10.4,10.565,-6.0053,-1.9034,0.5557,0.043,2.317,0.0167,3.87,0.412608,0.462705,112,0.622234,0.390305,0.089676,0.101963,0.424458,0.5,0.5,0.999836,True,
PLUS,ePlus inc.,NMS,Technology,Software - Application,82.32,83.61,-0.889,-7.4189,0.6977,0.217,0.149,0.94,17.7516,0.412417,0.462064,113,0.735637,0.339501,0.118909,0.122786,0.134074,0.5,0.5,0.978331,True,
OCTV,Octave Intelligence plc,NMS,Technology,Software - Application,18.71,21.18,-15.6511,-3.5519,0.9991,,,,18.4174,0.411483,0.458935,114,0.408434,0.375121,0.180957,0.5,0.5,0.5,0.5,0.748543,True,
LIF,"Life360, Inc.",NMS,Technology,Software - Application,45.37,46.525,-1.0106,5.6186,0.3526,0.381,-0.365,,26.5857,0.411177,0.457909,115,0.732942,0.459591,0.047864,0.142413,0.065229,0.5,0.5,0.747817,True,
XYZ,"Block, Inc.",NYQ,Technology,Software - Infrastructure,68.15,69.51,-6.2171,-7.0942,0.6017,0.049,,0.76,54.3281,0.411124,0.457733,116,0.617539,0.342492,0.099146,0.102681,0.5,0.5,0.5,0.979032,True,
SONY,Sony Group Corporation,NYQ,Technology,Consumer Electronics,21.89,22.185,-2.6766,10.0744,0.443,0.154,-0.581,1.99,20.729,0.411079,0.457582,117,0.696015,0.500634,0.066475,0.115247,0.036298,0.5,0.5,0.955013,True,
NOK,Nokia Corporation Sponsored,NYQ,Technology,Communication Equipment,14.38,14.555,-13.6795,13.4555,0.9968,0.024,,1.38,90.9062,0.410218,0.454696,118,0.452134,0.531778,0.180484,0.099689,0.5,0.5,0.5,0.962169,True,
YOU,"Clear Secure, Inc.",NYQ,Technology,Software - Application,54.52,55.565,-2.0694,-2.1211,0.4213,0.197,0.527,0.8441,44.484,0.410107,0.454324,119,0.709473,0.3883,0.062007,0.120393,0.184704,0.5,0.5,0.978061,True,
OOMA,"Ooma, Inc.",NYQ,Technology,Software - Application,17.13,16.725,-5.2408,-13.3868,0.8182,0.248,,,50.6818,0.409293,0.451596,120,0.639179,0.28453,0.143716,0.126496,0.5,0.5,0.5,0.745676,True,
U,Unity Software Inc.,NYQ,Technology,Software - Application,29.17,28.92,-6.0286,2.6811,0.3817,0.168,,,,0.409046,0.450769,121,0.621717,0.432534,0.053855,0.116922,0.5,0.5,0.5,0.5,True,
PSN,Parsons Corporation,NYQ,Technology,Information Technology Services,58.72,58.28,-4.142,18.5848,0.2591,-0.041,-0.201,,27.9043,0.406486,0.442192,122,0.663534,0.579024,0.028616,0.09191,0.087195,0.5,0.5,0.7477,True,
HLIT,Harmonic Inc.,NMS,Technology,Communication Equipment,13.27,14.29,-8.3761,11.4364,0.8821,0.434,0.23,1.84,178.4375,0.406086,0.440853,123,0.569685,0.51318,0.156871,0.148755,0.144924,0.5,0.5,0.944291,True,
ITRN,Ituran Location and Control Ltd,NMS,Technology,Scientific & Technical Instruments,63.05,64.08,-3.4504,5.1699,0.3134,0.188,0.15,3.41,21.0789,0.403486,0.43214,124,0.678863,0.455458,0.039794,0.119315,0.134208,0.5,0.5,0.923805,True,
WK,Workiva Inc.,NYQ,Technology,Software - Application,49.13,48.28,-7.1332,-5.9563,0.6093,0.199,,,200.9792,0.402313,0.428208,125,0.597234,0.352974,0.10071,0.120632,0.5,0.5,0.5,0.73232,True,
ITRI,"Itron, Inc.",NMS,Technology,Scientific & Technical Instruments,80.07,82.26,-2.0014,0.4764,0.4097,-0.033,-0.184,0.72,13.1406,0.401817,0.426546,126,0.710981,0.412226,0.059619,0.092867,0.089472,0.5,0.5,0.983571,True,
VIA,"Via Transportation, Inc.",NYQ,Technology,Software - Application,14.74,14.785,-4.2422,-14.5869,0.6212,0.292,,,,0.400679,0.422733,127,0.661313,0.273476,0.10316,0.131762,0.5,0.5,0.5,0.5,True,
NTNX,"Nutanix, Inc.",NMS,Technology,Software - Infrastructure,53.64,51.86,-6.5345,12.7478,0.4298,0.1,0.138,1.18,54.5937,0.400459,0.421998,128,0.610504,0.525259,0.063757,0.108784,0.132601,0.5,0.5,0.969787,True,
UCTT,"Ultra Clean Holdings, Inc.",NMS,Technology,Semiconductor Equipment & Materials,82.07,83.56,-7.4271,-4.1217,0.5698,0.029,,0.99,,0.399759,0.41965,129,0.590719,0.369872,0.092578,0.100287,0.5,0.5,0.5,0.728631,True,
XPER,Xperi Inc.,NYQ,Technology,Software - Application,7.42,7.605,-5.0063,-5.4794,0.3113,0.002,,,,0.397302,0.41142,130,0.644377,0.357366,0.039362,0.097056,0.5,0.5,0.5,0.5,True,
MNTN,"MNTN, Inc.",NYQ,Technology,Software - Application,9.37,9.23,-11.6123,7.5935,0.629,0.142,,,6.6259,0.397288,0.411372,131,0.497954,0.477782,0.104766,0.11381,0.5,0.5,0.5,0.749591,True,
NICE,NICE Ltd,NMS,Technology,Software - Application,93.14,91.57,-5.492,-1.0892,1.1739,0.098,-0.638,0.7,10.8802,0.396975,0.410325,132,0.633611,0.397805,0.216943,0.108545,0.028663,0.5,0.5,0.984211,True,
INGM,Ingram Micro Holding Corporatio,NYQ,Technology,Information Technology Services,29.51,29.535,-6.6688,8.905,0.3821,0.137,0.429,0.4529,19.4276,0.396783,0.40968,133,0.607527,0.489863,0.053937,0.113212,0.171578,0.5,0.5,0.988876,True,
RBRK,"Rubrik, Inc.",NYQ,Technology,Software - Infrastructure,73.41,71.26,-13.5309,14.1963,0.7022,0.39,,,,0.394662,0.402574,134,0.455428,0.538601,0.119835,0.14349,0.5,0.5,0.5,0.5,True,
GIB,CGI Inc.,NYQ,Technology,Information Technology Services,67.28,66.54,-4.0309,-2.2465,0.5815,0.033,0.035,1.25,12.0771,0.393546,0.398835,135,0.665997,0.387145,0.094987,0.100766,0.118805,0.5,0.5,0.972029,True,
SONO,"Sonos, Inc.",NMS,Technology,Consumer Electronics,15.08,14.96,-9.1985,-0.6972,0.4367,0.084,,,87.9706,0.391534,0.392094,136,0.551456,0.401416,0.065178,0.106869,0.5,0.5,0.5,0.742362,True,
VSAT,"ViaSat, Inc.",NMS,Technology,Communication Equipment,67.18,64.22,-11.6651,-8.3845,1.3697,0.021,,0.26,,0.391456,0.39183,137,0.496784,0.330607,0.257252,0.09933,0.5,0.5,0.5,0.744658,True,
MNDY,monday.com Ltd.,NMS,Technology,Software - Application,85.74,83.86,-8.3936,16.3161,0.2615,0.245,0.022,0.28,36.6066,0.39081,0.389665,138,0.569297,0.558127,0.02911,0.126137,0.117064,0.5,0.5,0.991146,True,
SPSC,"SPS Commerce, Inc.",NMS,Technology,Software - Application,55.47,55.23,-4.3772,-2.125,0.6777,0.058,-0.111,4.55,22.9336,0.39077,0.389533,139,0.658321,0.388264,0.114792,0.103758,0.09925,0.5,0.5,0.898611,True,
LYTS,LSI Industries Inc.,NMS,Technology,Electronic Components,22.55,23.31,-3.2379,-5.0896,0.604,0.136,-0.461,0.4,31.5,0.389793,0.386258,140,0.683573,0.360957,0.099619,0.113092,0.052371,0.5,0.5,0.988965,True,
UBER,"Uber Technologies, Inc.",NYQ,Technology,Software - Application,70.71,70.21,-1.9129,-6.892,0.6954,0.145,-0.852,5.74,17.4318,0.389262,0.384481,141,0.712942,0.344355,0.118435,0.114169,0.0,0.5,0.5,0.872973,True,
PRGS,Progress Software Corporation,NMS,Technology,Software - Infrastructure,31.36,31.36,-7.9295,4.9548,0.3399,0.041,1.084,1.05,16.0769,0.388116,0.380641,142,0.579584,0.453477,0.04525,0.101723,0.259309,0.5,0.5,0.976064,True,
NTCT,"NetScout Systems, Inc.",NMS,Technology,Software - Infrastructure,40.59,40.67,-6.4241,3.9652,0.5931,-0.01,-0.02,1.64,31.2615,0.387689,0.379208,143,0.612951,0.444362,0.097375,0.09562,0.111439,0.5,0.5,0.961761,True,
NTGR,"NETGEAR, Inc.",NMS,Technology,Communication Equipment,24.09,25.09,-8.0,-8.7368,0.5261,-0.02,,0.74,,0.386663,0.37577,144,0.578021,0.327362,0.083582,0.094423,0.5,0.5,0.5,0.73412,True,
PEGA,Pegasystems Inc.,NMS,Technology,Software - Application,34.71,35.26,-3.6329,-1.9455,0.6033,-0.096,-0.616,3.99,19.0703,0.384793,0.369506,145,0.674818,0.389918,0.099475,0.085328,0.03161,0.5,0.5,0.911249,True,
HPQ,HP Inc.,NYQ,Technology,Computer Hardware,25.58,25.28,-7.4203,11.3977,0.6115,0.09,0.108,21.32,9.3574,0.384644,0.369005,146,0.59087,0.512823,0.101163,0.107587,0.128583,0.5,0.5,0.531623,True,
FSLY,"Fastly, Inc.",NMS,Technology,Software - Application,18.07,19.205,-7.559,-6.3871,0.3523,0.198,,,,0.384036,0.366968,147,0.587796,0.349005,0.047802,0.120512,0.5,0.5,0.5,0.5,True,
RELY,"Remitly Global, Inc.",NMS,Technology,Software - Infrastructure,18.77,18.51,-7.7479,-22.9505,0.5782,0.252,3.321,0.1161,38.5729,0.383883,0.366456,148,0.583609,0.196438,0.094308,0.126975,0.558934,0.5,0.5,0.99457,True,
RUN,Sunrun Inc.,NMS,Technology,Solar,13.355,13.645,-10.5902,-6.6735,0.6707,0.432,2.352,3.07,6.4014,0.383833,0.366288,149,0.520609,0.346367,0.11335,0.148516,0.429145,0.5,0.5,0.932574,True,
TOST,"Toast, Inc.",NYQ,Technology,Software - Infrastructure,24.64,24.065,-8.7097,-3.9721,0.6398,0.219,1.25,0.23,35.903,0.383001,0.363502,150,0.562291,0.37125,0.106989,0.123025,0.281543,0.5,0.5,0.992306,True,
INFY,Infosys Limited,NYQ,Technology,Information Technology Services,12.4,12.355,-5.4664,-3.6243,0.4443,0.066,0.132,2.2,15.4562,0.379255,0.350948,151,0.634179,0.374454,0.066742,0.104715,0.131797,0.5,0.5,0.950871,True,
KVYO,"Klaviyo, Inc. Series A",NYQ,Technology,Software - Application,15.58,15.145,-10.6785,-0.4602,0.4236,0.279,,,,0.377867,0.346299,152,0.518652,0.403599,0.062481,0.130206,0.5,0.5,0.5,0.5,True,
S,"SentinelOne, Inc.",NYQ,Technology,Software - Infrastructure,15.95,15.675,-9.6542,-5.5154,0.4961,0.208,,,,0.377062,0.3436,153,0.541356,0.357035,0.077406,0.121709,0.5,0.5,0.5,0.5,True,
TRMB,Trimble Inc.,NMS,Technology,Scientific & Technical Instruments,54.19,53.55,-7.274,-11.9408,0.9431,0.118,0.483,3.02,28.0314,0.374525,0.3351,155,0.594113,0.29785,0.169429,0.110938,0.178811,0.5,0.5,0.93175,True,
IBTA,"Ibotta, Inc.",NYQ,Technology,Software - Application,32.85,31.93,-8.0622,-10.0563,0.4065,-0.025,,,,0.3733,0.330997,156,0.576642,0.315208,0.05896,0.093825,0.5,0.5,0.5,0.5,True,
TSAT,Telesat Corporation,NMS,Technology,Communication Equipment,44.56,44.5883,-11.0724,-18.4112,1.5308,-0.254,,,,0.372196,0.327296,157,0.509921,0.23825,0.290417,0.066419,0.5,0.5,0.5,0.5,True,
RNG,"Ringcentral, Inc.",NYQ,Technology,Software - Application,42.29,41.09,-11.3651,-9.7899,0.4194,0.053,,0.23,43.7234,0.36951,0.318298,158,0.503433,0.317662,0.061616,0.103159,0.5,0.5,0.5,0.991611,True,
SSYS,"Stratasys, Ltd.",NMS,Technology,Computer Hardware,8.85,8.945,-14.9048,4.8709,0.6226,-0.025,,2.06,,0.36841,0.314612,159,0.424976,0.452704,0.103448,0.093825,0.5,0.5,0.5,0.705138,True,
OLED,Universal Display Corporation,NMS,Technology,Electronic Components,86.11,88.38,-5.8748,-3.782,0.4349,-0.145,-0.443,1.0,19.6615,0.366216,0.307259,160,0.625126,0.373001,0.064807,0.079464,0.054782,0.5,0.5,0.976844,True,
POWI,"Power Integrations, Inc.",NMS,Technology,Semiconductors,77.02,76.5,-9.2054,4.5705,0.684,0.026,-0.625,1.51,254.8,0.366141,0.307009,161,0.551303,0.449937,0.116089,0.099928,0.030405,0.5,0.5,0.944751,True,
OTEX,Open Text Corporation,NMS,Technology,Software - Application,23.12,22.51,-8.129,-7.8688,0.4407,0.022,0.86,1.02,10.9272,0.36549,0.304826,162,0.575162,0.335357,0.066001,0.099449,0.229306,0.5,0.5,0.977181,True,
PCOR,"Procore Technologies, Inc.",NYQ,Technology,Software - Application,48.57,47.23,-10.3416,-11.3176,0.5624,0.157,,,,0.364491,0.301478,163,0.526119,0.30359,0.091055,0.115606,0.5,0.5,0.5,0.5,True,
GFS,GlobalFoundries Inc.,NMS,Technology,Semiconductors,75.53,77.37,-8.7116,4.1959,0.471,0.031,-0.51,1.53,52.1824,0.364146,0.300325,164,0.562248,0.446487,0.072239,0.100527,0.045808,0.5,0.5,0.962317,True,
LASR,"nLIGHT, Inc.",NMS,Technology,Semiconductors,65.85,67.05,-12.1922,-9.2816,0.3728,0.552,,1.78,,0.362537,0.294933,165,0.485101,0.322344,0.052023,0.162877,0.5,0.5,0.5,0.711286,True,
GLOB,Globant S.A.,NYQ,Technology,Information Technology Services,38.3,38.26,-9.4844,-2.4471,0.5522,-0.007,0.207,1.0,15.5569,0.360348,0.287598,166,0.545119,0.385297,0.088955,0.095979,0.141843,0.5,0.5,0.977208,True,
NCNO,"nCino, Inc.",NMS,Technology,Software - Application,14.92,15.035,-9.6212,-15.3239,0.6247,0.106,1.453,0.862,125.25,0.358498,0.2814,167,0.542087,0.266688,0.103881,0.109502,0.308733,0.5,0.5,0.97049,True,
PAR,PAR Technology Corporation,NYQ,Technology,Software - Application,13.46,13.35,-12.688,-7.2917,0.3749,0.194,,0.77,,0.358348,0.280897,168,0.474111,0.340673,0.052455,0.120034,0.5,0.5,0.5,0.733461,True,
ICHR,Ichor Holdings,NMS,Technology,Semiconductor Equipment & Materials,62.91,65.96,-12.1881,-11.5627,0.4991,0.047,,0.66,,0.356166,0.273586,169,0.485192,0.301332,0.078024,0.102441,0.5,0.5,0.5,0.735876,True,
PAY,"Paymentus Holdings, Inc.",NYQ,Technology,Software - Infrastructure,20.9,20.76,-7.1141,-22.0721,0.7078,0.302,0.512,0.7113,36.4211,0.355983,0.272971,170,0.597657,0.204529,0.120988,0.132958,0.182695,0.5,0.5,0.981693,True,
PONY,Pony AI Inc.,NMS,Technology,Information Technology Services,8.62,8.975,-17.2207,-3.4984,0.6314,1.45,,,,0.355461,0.271223,171,0.373643,0.375614,0.10526,0.270345,0.5,0.5,0.5,0.5,True,
MXL,"MaxLinear, Inc",NMS,Technology,Semiconductors,80.92,78.16,-11.9254,-21.6919,0.7597,0.43,,0.39,,0.354728,0.268766,172,0.491014,0.208031,0.131673,0.148277,0.5,0.5,0.5,0.741804,True,
GILT,Gilat Satellite Networks Ltd.,NMS,Technology,Communication Equipment,14.52,14.58,-10.4988,-25.0387,0.5539,0.2,,4.99,27.9519,0.352776,0.262225,173,0.522635,0.177203,0.089305,0.120752,0.5,0.5,0.5,0.888504,True,
KSPI,Joint Stock Company Kaspi.kz - ,NMS,Technology,Software - Infrastructure,81.17,80.33,-9.3976,-6.5076,0.5854,0.313,-0.011,,7.0633,0.350026,0.253011,174,0.547043,0.347895,0.09579,0.134275,0.112644,0.5,0.5,0.749552,True,
YALA,Yalla Group Limited,NYQ,Technology,Software - Application,5.29,5.34,-5.4867,-23.9316,0.7497,-0.058,-0.22,0.59,6.7595,0.349478,0.251176,175,0.633729,0.187401,0.129614,0.089876,0.08465,0.5,0.5,0.986992,True,
GDDY,GoDaddy Inc.,NYQ,Technology,Software - Infrastructure,84.38,80.36,-9.2603,-11.7227,0.7048,0.061,-0.022,0.68,12.7338,0.3492,0.250244,176,0.550086,0.299859,0.120371,0.104117,0.111171,0.5,0.5,0.984485,True,
PSFE,Paysafe Limited,NYQ,Technology,Software - Infrastructure,6.9,6.87,-7.7852,-25.9698,0.3172,0.104,,,,0.34773,0.245318,177,0.582782,0.168627,0.040576,0.109263,0.5,0.5,0.5,0.5,True,
PAGS,PagSeguro Digital Ltd.,NYQ,Technology,Software - Infrastructure,8.53,8.5283,-7.4837,-15.4609,0.4252,0.015,0.039,1.5189,5.9236,0.345016,0.236225,178,0.589465,0.265426,0.06281,0.098612,0.119341,0.5,0.5,0.966672,True,
VIAV,Viavi Solutions Inc.,NMS,Technology,Communication Equipment,47.56,48.08,-9.1623,-6.2,0.6146,0.428,-0.672,1.34,,0.344838,0.235627,179,0.552259,0.350729,0.101801,0.148037,0.024109,0.5,0.5,0.720946,True,
VNET,"VNET Group, Inc.",NMS,Technology,Information Technology Services,8.84,8.895,-17.5788,-0.1685,0.4658,0.198,,0.45,,0.34288,0.229069,180,0.365706,0.406286,0.071168,0.120512,0.5,0.5,0.5,0.740487,True,
HIMX,"Himax Technologies, Inc.",NMS,Technology,Semiconductors,20.08,20.25,-15.6797,13.6593,0.7494,-0.075,-0.6,1.49,106.421,0.342342,0.227266,181,0.4078,0.533655,0.129552,0.087841,0.033753,0.5,0.5,0.958376,True,
GRND,Grindr Inc.,NYQ,Technology,Software - Application,10.9,11.09,-5.2519,-26.4745,0.5384,0.383,-0.01,,24.1196,0.342172,0.226694,182,0.638933,0.163978,0.086114,0.142652,0.112778,0.5,0.5,0.748036,True,
PLAB,"Photronics, Inc.",NMS,Technology,Semiconductor Equipment & Materials,29.15,29.92,-9.8069,-44.2767,1.2593,-0.005,2.547,2.64,11.0295,0.341131,0.223208,183,0.537971,0.0,0.234524,0.096218,0.455264,0.5,0.5,0.941604,True,
KD,"Kyndryl Holdings, Inc.",NYQ,Technology,Information Technology Services,11.62,11.625,-7.7381,-5.1794,0.3561,-0.008,-0.754,,13.6765,0.340867,0.222323,184,0.583826,0.36013,0.048585,0.095859,0.013126,0.5,0.5,0.748964,True,
WSE,Wise Group plc,NMS,Technology,Information Technology Services,11.19,11.01,-4.6794,-28.5714,0.5353,0.092,-0.139,4.6,22.0,0.340732,0.221871,185,0.651622,0.144663,0.085476,0.107827,0.0955,0.5,0.5,0.897596,True,
INFQ,"Infleqtion, Inc.",NYQ,Technology,Software - Infrastructure,14.56,14.7999,-25.6417,21.9059,1.0784,0.139,,,,0.340295,0.220406,186,0.186991,0.609615,0.197283,0.113451,0.5,0.5,0.5,0.5,True,
RDWR,Radware Ltd.,NMS,Technology,Software - Infrastructure,27.94,28.335,-10.1902,3.1114,0.2656,0.107,-0.184,22.79,64.3977,0.338251,0.213558,187,0.529475,0.436497,0.029954,0.109622,0.089472,0.5,0.5,0.494457,True,
JKS,JinkoSolar Holding Company Limi,NYQ,Technology,Solar,20.06,19.41,-14.6567,-21.0505,0.9323,-0.115,,0.14,,0.336508,0.207717,188,0.430475,0.213939,0.167205,0.083054,0.5,0.5,0.5,0.747293,True,
TASK,"TaskUs, Inc.",NMS,Technology,Information Technology Services,5.74,5.665,-12.442,-12.1024,0.8231,0.103,0.151,0.332,5.0133,0.335647,0.204833,189,0.479564,0.296361,0.144725,0.109143,0.134342,0.5,0.5,0.992812,True,
YMM,Full Truck Alliance Co. Ltd.,NYQ,Technology,Software - Application,8.59,8.35,-12.1451,-5.1646,0.4568,0.055,-0.219,,14.161,0.32472,0.168218,190,0.486145,0.360266,0.069315,0.103399,0.084784,0.5,0.5,0.748921,True,
WIX,Wix.com Ltd.,NMS,Technology,Software - Infrastructure,52.39,48.67,-14.8589,-39.3535,0.8042,0.143,,0.12,,0.304669,0.101036,191,0.425993,0.045348,0.140834,0.11393,0.5,0.5,0.5,0.747732,True,
PICS,PicS N.V.,NMS,Technology,Software - Infrastructure,9.18,9.37,-16.1146,-23.5102,0.4813,0.702,1.02,0.0525,5.3543,0.30381,0.098157,192,0.39816,0.191283,0.074359,0.180828,0.250737,0.5,0.5,0.998918,True,
KC,Kingsoft Cloud Holdings Limited,NMS,Technology,Software - Application,11.69,11.37,-17.0073,-28.4005,0.6997,0.372,,,,0.302126,0.092513,193,0.378374,0.146237,0.119321,0.141336,0.5,0.5,0.5,0.5,True,
NTSK,"Netskope, Inc.",NMS,Technology,Software - Infrastructure,9.635,9.505,-21.6294,-18.4595,0.7742,0.278,,,,0.290873,0.054807,194,0.275924,0.237805,0.134658,0.130086,0.5,0.5,0.5,0.5,True,
WLTH,Wealthfront Corporation,NMS,Technology,Software - Application,9.85,8.115,-34.078,-29.2502,4.9776,0.071,-0.505,,,0.277199,0.008992,195,0.0,0.138411,1.0,0.105314,0.046477,0.5,0.5,0.5,True,
PAYP,PayPay Corporation - American D,NMS,Technology,Software - Infrastructure,15.08,15.34,-17.9679,-21.7746,0.3049,0.291,0.395,1.46,13.6964,0.274516,0.0,196,0.357082,0.207269,0.038044,0.131642,0.167024,0.5,0.5,0.967274,True,
